FQDNS,Status Code,Last Modified,Status,Redirect URL,Title 1,Meta Description 1 ,H2-1,H2-2,Meta Refresh 1,H1-2
http://6fr.ru/,200,"Wed, 04 May 2016 08:07:34 GMT",OK,,,,,,,
http://bc.vc/,200,,OK,,BCVC | a modern URL shortener,,BCVC Short Url Services,,,
http://chilp.it/,200,,OK,,::Chilp it! - Welcome to the Chilp Media Group URL shortening service [public beta]::,Chilp it! - Welcome to the Chilp Media Group URL shortening service,,,,
https://dfl8.me,200,,OK,http://dfl8.me/cgi-sys/suspendedpage.cgi,Contact Support,,,,,
http://digg.com/,200,,OK,,Digg - What the Internet is talking about right now,"Digg is the homepage of the internet, featuring the best articles, videos, and original content that the web is talking about right now.",Steve Carell Was Never In It For The Laughs,"The Outrageous Master Sommelier Scandal, Explained",,
http://llk.dk/,200,,OK,,Lav Linket Kortere | Forkort dit link - Dansk link forkorter,"Hos Lav Linket Kortere får du en dansk URL-forkorter, der tryller dine lange og kedelige links til korte og flotte links. Vi har desuden en API.",,,,
http://ph.ly/,200,,OK,,Ph.ly: A coalition for better local journalism,Ph.ly believes a better Philadelphia must include a rich landscape of independent community journalism. Want to help? Support one or more of our partners in the Philadelphia Independent Media Coalition.,,,,Frequently Asked Questions
http://ping.fm/,200,,OK,,ping.fm,,,,,
http://urls.fr/,200,,OK,,Raccourcisseur d'URL,"URLS.fr est un réducteur d'url. Il permet de définir une redirection d'une adresse internet courte commençant par http://urls.fr/ vers n'importe quelle page du NET. Ce raccourcisseur d'url est particulièrement utile pour partager une page internet sur Twitter mais aussi pour partager une vidéo Youtube ou Dailymotion ainsi qu'un Tweet. Son nom est soit le pluriel du sigle URL (Uniform Resource Locator) désignant les adresses web soit la concaténation d'URL et de S, la première lettre de Shortener (raccourcisseur en anglais).",Entrez une nouvelle URL à réduire,,,
https://skr.sk,200,,OK,http://ww2.skr.sk/,,See related links to what you are looking for.,,,,
http://ww7.fr/,200,,OK,,"Réduction d'url pour Twitter, Facebook, YouTube, liens d'affiliations - Réduire un lien","Service de réduction et de redirection d'url pour Twitter, Facebook, Youtube, liens d'affiliations... Statistiques clics. Obtenez une url courte unique redirigeant vers votre page.",Réduire une url ?,,,
https://relink.fr,200,,OK,http://www.relink.fr/,Montage audiovisuel & cinéma – Outils de post-production,,Articles,Posts navigation,,
https://utfg.sk,200,,OK,http://www.utfg.sk/,UTFG.sk | Create shortlink from your URL or Use The Fucking Google!,Skracova_ URL adries UTFG.sk / Shortlinks creator UTFG.sk,Skracova_ URL adries,,,
https://1-url.net/,200,"Mon, 17 Sep 2018 12:40:35 GMT",OK,,,,,,,
https://126.am/,200,"Tue, 27 Jun 2017 03:10:06 GMT",OK,,_______,,,,,
https://1link.in/,200,"Fri, 12 Oct 2018 09:50:22 GMT",OK,,1link.in - This website is for sale! - 1link Resources and Information.,This website is for sale!  1link.in is your first and best source for information about 1link . Here you will also find topics relating to issues of general interest. We hope you find what you are looking for!,,,,
https://1url.cz/,200,,OK,,Zkrácení URL adresy - zkracova_ 1url.cz,"Zkrácení dlouhé URL adresy odkazu. Pokud pot_ebujete zkrátit (p_esm_rovat) nebo skr_t dlouhou URL adresu, jste na správném míst_ - 1url.cz!",Pro_ zkrátit URL adresu?,Zkracování URL prakticky,,
https://2doc.net/,200,,OK,,"Réduire un lien, raccourcir une url avec 2doc.net",Réduisez vos liens internet complexes et longues gratuitement et partagez les en toute simplicité !,Un lien court de vos adresses généré facilement,,,
https://2tu.us/,200,,OK,,TightURL,,,,,
https://2u.xf.cz/,200,"Fri, 12 Oct 2018 11:51:31 +0200",OK,,phpMyAdmin,,,,,
https://3x.si/,200,"Tue, 07 Aug 2018 09:12:42 GMT",OK,https://3x.si/cgi-sys/defaultwebpage.cgi,,,,,0;URL=/cgi-sys/defaultwebpage.cgi,
https://8u.cz/,200,"Tue, 26 Sep 2017 09:07:18 GMT",OK,,HTTPS nedostupné| Endora.cz,Webhosting zdarma pro ka_dého,,,,
https://944.la/,200,"Fri, 04 May 2018 06:02:47 GMT",OK,,,,,,,
https://a.nf/,200,,OK,,a.nf,,,,,
https://a0.fr/,200,,OK,,"a0.fr, pour raccourcir les URL trop longues",,Raccourcir une URL,,,
https://aaa.tl/,200,,OK,,The triple A shortener,"size does matter, short is better",,,,
https://ad-med.cz/,200,,OK,,Advantage media | URL shortener,"URLs shortener - public service of Advanatge media, a.s.",,,,
https://adb.ug/,200,,OK,,adBug - A small bug earning you big money!,"adBug helps you share, analyze, and earn from your links. adBug also introduces powerful methods to advertise your business and get the exact results your want...Read more!",Join adBug!,Login to adBug,,
https://adfoc.us/,200,,OK,,"AdFoc.us | Shrink, Share, and Earn!",Earn money for visitors sent to your shortened URLs with AdFoc.us! Get paid for every advertisement viewed through your links.,,,,
https://admy.link/,200,,OK,,"Short Links and Earn Money - Shorten, Share and Earn Money",Short your links and earn money! AdMy.link will pay you for every genuine visit to your shared link. The best way to earn money from your short links.,Features,Tools To Make You Money,,
https://al.ly/,200,,OK,,Ally | Earn money by sharing short links,"Ally is a free URL shortening service which allows you to, earn money for each visitor you bring to your shrinked links, We pay daily for each visit to your short link, with minimal withdrawal amount is 1.00 $.",,,,
https://b-ex.it/,200,"Thu, 23 Jul 2015 13:02:02 GMT",OK,,Domain Default page,,,,,
https://b00.fr/,200,,OK,,,,,,,
https://bam.bz/,200,,OK,,The most sexiest secure Url Shortener!,Easily short an Url at this website or with Plugins for Wordpress. You can offer this Service at your website too or use the Api for your projects.,Report abused Url,Secure Url Shortener as Wordpress Widget,,
https://benchurl.com/,200,,OK,,Email Marketing Services | Benchmark Email,"Email Marketing Service to engage subscribers, nurture leads, send beautiful, responsive emails and track results.","Send beautiful, responsive campaigns in minutes with customizable email templates.",Be a Marketing Automation Pro,,
https://bit.do/,200,,OK,,"Bit.do URL Shortener - Shorten, customize and track your links","Make a long URL short, easy to remember and to share. With traffic stats.",,,,
https://bitly.com/,200,,OK,,"Bitly | URL Shortener, Custom Branded URLs, API & Link Management","Get the most out of your social and online marketing efforts. Own, understand and activate your best audience through the power of the link with Bitly Enterprise.",Unleash The Power of The Link,LINKS POWERED BY BITLY,,"HARNESS EVERY CLICK, TAP AND SWIPE."
https://bitly.net/,200,,OK,,"Bitly | URL Shortener, Custom Branded URLs, API & Link Management","Get the most out of your social and online marketing efforts. Own, understand and activate your best audience through the power of the link with Bitly Enterprise.",Unleash The Power of The Link,LINKS POWERED BY BITLY,,"HARNESS EVERY CLICK, TAP AND SWIPE."
https://bitw.in/,200,"Mon, 16 Feb 2015 01:01:52 GMT",OK,,Bitw.in,,,,,
https://blap.net/,200,,OK,,Shortlink - Blap Reduction,,,,,
https://boi.re/,200,,OK,,Nom de domaine boi.re,"Nom de domaine enregistré via le bureau d'enregistrement http://www.bookmyname.com, registrar, noms de domaine",,,,
https://bote.me/,200,"Fri, 12 Oct 2018 09:48:12 GMT",OK,http://bote.me//?gtnjs=1,bote.me -&nbspThis website is for sale! -&nbspBoat Resources and Information.,"This website is for sale! bote.me is your first and best source for all of the information you’re looking for. From general topics to more of what you would expect to find here, bote.me has it all. We hope you find what you are searching for!",,,0; url=http://bote.me//?gtnjs=1,
https://brk.to/,200,,OK,,brk.to,The domain name 'brk.to' is parked at Register.TO,,,,
https://bxl.me/,200,"Fri, 12 Oct 2018 09:49:10 GMT",OK,http://bxl.me//?gtnjs=1,bxl.me -&nbspThis website is for sale! -&nbspbxl Resources and Information.,"This website is for sale! bxl.me is your first and best source for all of the information you’re looking for. From general topics to more of what you would expect to find here, bxl.me has it all. We hope you find what you are searching for!",,,0; url=http://bxl.me//?gtnjs=1,
https://bzh.me/,200,,OK,,BZH.me - Le raccourcisseur d'URL breton,"bzh.me - Le raccourcisseur d'URL breton - Partagez vos liens et en même temps, partagez la Bretagne !",Analytics complète Suivre chaque utilisateur qui clique sur un lien.,Tableau de bord puissant Un tableau de bord pour gérer tout.,,
https://c23.biz/,200,,OK,,___________,,,,,
https://carmarket.jp/,200,"Tue, 17 Jul 2018 20:21:58 GMT",OK,,Coming Soon,,,,,
https://cc.cc/,200,,OK,,CC.CC Call Forwarding,CC.CC transforms your forgettable number into a memorable domain. You can make a call by typing the URL in the address bar on mobile.,CC.CC beta,CC.CC Call Forwarding,,
https://ccj.im/,200,"Sat, 14 Sep 2013 08:27:16 GMT",OK,,,,,,,
https://checkd.info/,200,,OK,,uQR.me,,,,,
https://checkthe.info/,200,,OK,,uQR.me,,,,,
https://clck.ru/,200,,OK,,________ URL ___ ____!,"____________ _____. ______ _ ____. ______ ________ ______, ________ ___.",_________ _____________ URL,,,
https://clickmeter.com/,200,,OK,,"ClickMeter: Link tracking, affiliate tracking, conversion tracking","Monitor, compare and optimize all your marketing links in one place to increase the conversion rate","LOVED by over 100,000 Big and Small Businesses","Monitor, compare and optimize all your marketing links in one place to increase the conversion rate",,
https://crg.ng/,200,,OK,,Cregital URL Shortener - Customize and Track Visits,Shorten Long URLs,,,,
https://crwl.it/,200,,OK,,YOURLS — Your Own URL Shortener | https://crwl.it/,YOURLS » Your Own URL Shortener' | https://crwl.it,Enter a new URL to shorten,Bookmarklets,,
https://ctx.ly/,200,,OK,,,,,,,
https://cutit.org/,200,,OK,,Custom URL Shortener by cut it URL Shortener,custom url shortener is a URL Shortener website that shorten your URL for free and with your custom word.its totally free . Best Link Shortener Without ads,Shorten & increase sales. Url Shortener for sales & marketing,Target interested users. Powerful tools that work,,
https://cutt.eu/,200,,OK,,Objects We Just Like. – Wonderful Items With Great Prices,,,,,14k White Gold Vintage Reproduction Diamond & Sapp Ring 101cttw Size 55 V8966
https://cuturl.co/,200,,OK,,,,,,,
https://cuturl.com/,200,"Fri, 12 Oct 2018 09:48:12 GMT",OK,http://cuturl.com//?gtnjs=1,cuturl.com -&nbspThis website is for sale! -&nbspcuturl Resources and Information.,"This website is for sale! cuturl.com is your first and best source for all of the information you’re looking for. From general topics to more of what you would expect to find here, cuturl.com has it all. We hope you find what you are searching for!",,,0; url=http://cuturl.com//?gtnjs=1,
https://d.pr/,200,,OK,,Droplr,,,,,
https://da.gd/,200,,OK,,da.gd: shorten,The da.gd URL shortening service,da.gd,,,
https://trck.me,200,"Fri, 12 Oct 2018 09:51:08 GMT",OK,https://dash.trck.me/?ref=timtech,Trck.me - Skyrocket your Advertising.,Advertising Analytics for Small Business,"27,711,808,291",TRACK NEW OPT-INS,,
https://dft.ba/,200,,OK,,Boost Your Brand Authority in Social Media,"Buy High Quality Social Media Services for Your Brand. Followers, Likes and Views for Instagram, Facebook, Twitter and Youtube. Cheap and Fast! Try Today",How SMBoost works?,Our services,,
https://digg.com/,200,,OK,,Digg - What the Internet is talking about right now,"Digg is the homepage of the internet, featuring the best articles, videos, and original content that the web is talking about right now.",Steve Carell Was Never In It For The Laughs,"The Outrageous Master Sommelier Scandal, Explained",,
https://disq.us/,200,"Sun, 15 Mar 2015 01:18:46 GMT",OK,,disq.us | Disqus,,,,,
https://doiop.com/,200,,OK,,doiop.com,,,,,
https://dolp.cc/,200,"Sat, 01 Nov 2014 04:18:40 GMT",OK,,Site not found · DreamHost,The owner of this domain has not yet uploaded their website.,,,,
https://droid.ws/,200,"Mon, 11 Aug 2014 22:03:25 GMT",OK,,Secured Home of droid.ws,,,,,
https://drw.sh/,200,,OK,,Dr.Web URL Shortener,,,,,
https://dwarfurl.com/,200,"Fri, 12 Oct 2018 09:50:54 GMT",OK,http://dwarfurl.com//?gtnjs=1,dwarfurl.com -&nbspThis website is for sale! -&nbspCredit Cards Resources and Information.,"This website is for sale! dwarfurl.com is your first and best source for all of the information you’re looking for. From general topics to more of what you would expect to find here, dwarfurl.com has it all. We hope you find what you are searching for!",,,0; url=http://dwarfurl.com//?gtnjs=1,
https://ecra.se/,200,,OK,,Ecra.se reducteur d'url,Réduisez en un clic la longueur d'une adresse internet pour la partager sur twitter. Gagnez de la place dans vos message grâce à Ecra.se,,,,
https://eepurl.com/,200,"Fri, 30 Jun 2017 13:43:18 GMT",OK,,EepURL - A MailChimp Service,,,,,
https://ely.re/,200,,OK,,Ely - Reduiser vos URL et suivez vos stats,Reduiser vos URL et suivez vos stats,Analytics complète Suivre chaque utilisateur qui clique sur un lien.,Tableau de bord puissant Un tableau de bord pour gérer tout.,,
https://ewerl.com/,200,,OK,,ewerl.com is Expired or Suspended.,,,,,
https://fire.to/,200,"Fri, 12 Oct 2018 09:49:37 GMT",OK,,Fire.to,,,,,
https://firsturl.de/,200,,OK,,FirstURL - URL kürzen und Dereferer,,,,,
https://fnk.es/,200,,OK,,,,,,,
https://fwd4.me/,200,,OK,,Motorway Traffic Cameras - Live CCTV images and traffic news,"Motorway Traffic Cameras - View live CCTV images and traffic news on your computer or mobile phone. Covering the M1, M4, M5, M6, M25, M40, M60, M62 and more.",,,,
https://g00.me/,200,,OK,,Le Blog des Consommateurs -,,,Navigation des articles,,Genre de chauffage pour sa maison
https://gg.gg/,200,,OK,,URL Shortener - url shortening service gg.gg,,,,,
https://git.io/,200,,OK,,git.io,,,,,Git.io
https://go.9nl.com/,200,,OK,,Redirect Service,Redirect Service,,,,
https://goo.gl/,200,,OK,,Google URL Shortener,"Google URL Shortener at goo.gl is used by Google products to create short URLs that can be easily shared, tweeted, or emailed to friends.",,,,
https://good.ly/,200,"Wed, 31 Jan 2018 13:38:19 GMT",OK,,Skimlinks Merchant API Documentation,,,,,
https://gowat.ch/,200,,OK,,Go Watch,,,,,
https://grabify.link/,200,,OK,,Grabify IP Logger,"Grabify IP Logger helps you track who has clicked your links. Track IP addresses, find IPs from Facebook, Twitter, friends on other sites.",Instructions,Features,,
https://grem.io/,200,,OK,,Domínio indisponível,,Domínio temporariamente indisponível,,,
https://hide.my/,200,,OK,,"Hide My IP | Unblock Websites, Block ISP Tracking – Hide.my",Hide your IP address and access blocked websites. Protect your browser history from ISP tracking and download torrents anonymously.,Opt-out of ISP tracking,"VPNs, Tor, and HTTPS: Preserving your privacy",,
https://hops.me/,200,"Thu, 16 Jan 2014 20:33:26 GMT",OK,,Business-Class Web Hosting by (mt) Media Temple,"Category: Internet, This is an automatically generated default server page successfully deployed by (mt) Media Temple web hosting.",,,,Server Default Page
https://href.li/,200,,OK,,href.li: hide your referrer,Make a short link with an expiry date.,,,,
https://htxt.it/,200,,OK,,htxt.it,,,,,
https://huit.re/,200,,OK,,Huit.re,,Shorten a link,Getting Started,,Video tutorial
https://ick.li/,200,,OK,,ick.li,,,,,
https://icks.ro/,200,,OK,,Creare url scurt - Tiny URL,Creaza url scurt la orice site doresti. Nu e necesara inscrierea. Complet gratuit pentru folosire.,URL,Spatiu publicitar,,
https://idek.net/,200,"Fri, 12 Oct 2018 09:48:30 GMT",OK,,,,,,,
https://imgur.com/,200,"Thu, 11 Oct 2018 15:36:04 GMT",OK,,Imgur: The magic of the Internet,"Discover the magic of the internet at Imgur, a community powered entertainment destination. Lift your spirits with funny jokes, trending memes, entertaining gifs, inspiring stories, viral videos, and so much more.",,,,
https://inreply.to/,200,"Wed, 06 Jun 2018 23:20:17 GMT",OK,,outcast,outcast,Welcome to Outcast!,,,
https://is.gd/,200,,OK,,"is.gd - a URL shortener. Mmmm, tasty URLs!","A URL shortener that's fast, ethical and easy to use. Our features include custom shortened URLs and detailed statistics.",,,,
https://iscool.net/,200,,OK,,IsCool - Completely Free redirection service,isCool.net - Free completely redirection service url redirection,,,,
https://isra.li/,200,,OK,,Private URL Shortener - Israeli Link Shortener,This URL shortener is private and internal-use only.,,,,
https://itnues.net/,200,,OK,,Wombat Security Technologies,,,,,
https://ity.im/,200,,OK,,ity.im URL Shortener & Ad Network,"URL Shortener, Ad Network",,,,
https://ix.sk/,200,,OK,,ix.sk – skracova_ url adries,,,,,
https://jab.la/,200,,OK,,,,,,,
https://kbit.co/,200,"Thu, 30 Jun 2016 14:48:05 GMT",OK,https://kbit.co/cgi-sys/defaultwebpage.cgi,,,,,0;URL=/cgi-sys/defaultwebpage.cgi,
https://kd2.org/,200,,OK,,Index of /,,,,,
https://keep.re/,200,,OK,https://keep.re/?NOSCRIPT,Keep: URL shortener,"Keep URL Shortener at keep.re is used by anyone who wants to create short URLs that can be easily shared, tweeted, or emailed to friends.",,,0;url=/?NOSCRIPT,Your short url
https://korta.nu/,200,"Tue, 08 Aug 2017 19:31:44 GMT",OK,,korta.nu,,,,,
https://kutt.it/,200,,OK,,Kutt.it | Modern Open Source URL shortener.,Kutt.it is a free and open source URL shortener with custom domains and stats.,"Manage links, set custom domains and view stats.",,,
https://kwhit.com/,200,,OK,,uQR.me,,,,,
https://l.ead.me/,200,,OK,,,,,,,
https://l.ly/,200,,OK,,Ldotly URL Shortener,is the world's shortest url shortener service,0,0,,
https://lc.cx/,200,"Fri, 12 Oct 2018 08:58:41 GMT",OK,,Générateur de liens courts - raccourcisseur d'URL,Réducteur de lien gratuit permettant de raccourcir une ou plusieurs URLs afin de partager des contenus plus simplement avec vos communautés.,Comment ça marche ?,Améliorer vos conversions en utilisant des liens courts associés à votre nom de marque,,
https://link.do/,200,,OK,,"Link.do - Darmowy skracacz linków, skró_ link za darmo, darmowe skracanie",Darmowe skracanie linków,"Zaawansowane statystyki Zmniejsz link i b_d_ na bierz_co z ilo_ci_ wszystkich klikni__, dzi_ki czemu mo_esz szybko podejrze_ jak_ cieszy si_ popularno_ci_.",Rozbudowany panel u_ytkownika Jeden panel do zarz_dzania wszystkimi skróconymi linkami oraz statystykami.,,
https://link.tl/,200,,OK,,"Link.TL - kısalt, payla_ ve kazan!",Link - URL kısalt ve para kazan. Link kısaltma servisimiz ile hemen para kazanmaya ba_layın!,,,,
https://linkbun.ch/,200,,OK,,LinkBunch - Put multiple links into one - http://linkbun.ch,"LinkBunch lets you put multiple links into one small link, such as linkbun.ch/0, which you can share over IM, Twitter, email or even a mobile phone SMS.",,,,
https://llu.ch/,200,"Fri, 12 Oct 2018 09:48:16 GMT",OK,http://llu.ch//?gtnjs=1,llu.ch -&nbspThis website is for sale! -&nbspllu Resources and Information.,"This website is for sale! llu.ch is your first and best source for all of the information you’re looking for. From general topics to more of what you would expect to find here, llu.ch has it all. We hope you find what you are searching for!",,,0; url=http://llu.ch//?gtnjs=1,
https://lnk.direct/,200,,OK,,Create short url - Lnk.Direct,Create short urls from your longer website urls. No registration required. Completely free to use.,,,,
https://lnk.sk/,200,,OK,,Lnk.sk - Skracova_ internetov_ch adries,,,,,
https://lru.jp/,200,,OK,,lru.jp,,lru.jp,,,
https://lynk.my/,200,,OK,,Lynk v4,Lynk.my is a Malaysian No 1 URL Shortener site that suite for Online Advertising Demands especially in Malaysia. We also provide full size advertisement on every shortened url with high quality anda affordable price. Contact us for more information.,,Shorten Link Created,,
https://m1p.fr/,200,,OK,,Raccourcir une URL,,Qr CARDCarte de visite électronique et supersonique ( © Zlad ),OuiTransfertEnvoie de très très gros fichier à des amis,,
https://m3mi.com,200,"Sun, 20 Oct 2013 12:19:33 GMT",OK,https://m3mi.com/404.html,404 - PAGE NOT FOUND,,,,,
https://smarturl.it/,200,,OK,https://manage.smarturl.it/,smartURL - Create,,,,,
https://mby.me/,200,,OK,,MbyMe - URL shortener for iPhone,,,,,
https://mcaf.ee/,200,,OK,,McAfee | Secure Short URL Service,,,,,
https://metamark.net/,200,"Fri, 12 Oct 2018 09:50:49 GMT",OK,,Metamark - Free Short URL redirection - Make long URLs short,,Terms of use,,,
https://meteor.link/,200,,OK,,Meteor.link,Retarget anyone who clicks on your links.,1. Shorten any link and we’ll include a Facebook Pixel.,"2. Share your shortened link on your social media, or anywhere online.",,"Retarget anyone who clicks on your links, start in 30 seconds, no coding required."
https://moc.ac/,200,,OK,,Moc.ac — URL cutter,,,,,
https://mut.lu/,200,"Tue, 29 Sep 2015 12:11:08 GMT",OK,,Secured Home of mut.lu,,,,,
https://muz.so/,200,,OK,,muz.so ____URL___ :: KTHDevelop Korea,,,,,
https://notlong.com/,200,,OK,,notlong Free Short URL Redirection: Make a long URL notlong,Make a long URL notlong so it fits easily in emails without wrapping.,,,,
https://nov.io/,200,"Fri, 12 Oct 2018 09:48:14 GMT",OK,http://nov.io//?gtnjs=1,nov.io -&nbspnov Resources and Information.,"nov.io is your first and best source for all of the information you’re looking for. From general topics to more of what you would expect to find here, nov.io has it all. We hope you find what you are searching for!",,,0; url=http://nov.io//?gtnjs=1,
https://nq.st/,200,,OK,https://nq.st/auth/login,ViMbAdmin,ViMbAdmin,,,,
https://nurl.ng/,200,"Fri, 25 Aug 2017 06:35:13 GMT",OK,,nurl.ng Nigeria's premiere url shortening and sharing service,Nigeria's premiere url shortening service provider,,,,
https://om.ly/,200,"Sun, 15 Oct 2017 18:04:18 GMT",OK,,Home,,,,,
https://once.ly/,200,"Tue, 14 Mar 2017 21:20:57 GMT",OK,https://once.ly/index.html,once.ly | protect your privacy with one-time-use shortened URLs,,once.ly,,,
https://ouo.io/,200,,OK,,ouo.io - Earn money on shorten links. Make short links and earn the biggest money.,Earn money for each visitor to your shortened links with ouo.io! We pay for each visit to your short link.,Shorten URL Is Just Simple,Comfortable Way To Earn Money,,Over the world
https://past.is/,200,,OK,,Past.is,,Le raccourcisseur d'url du sud,,,
https://ph.dog/,200,,OK,,,,,,,
https://ph.ly/,200,,OK,,Ph.ly: A coalition for better local journalism,Ph.ly believes a better Philadelphia must include a rich landscape of independent community journalism. Want to help? Support one or more of our partners in the Philadelphia Independent Media Coalition.,,,,Frequently Asked Questions
https://pich.in/,200,"Wed, 07 Sep 2011 16:30:47 GMT",OK,,,,,,,
https://plots.fr/,200,"Wed, 12 Oct 2016 07:28:10 GMT",OK,https://plots.fr/,Site en cours d'installation,,,,600,
https://plu.sh/,200,,OK,,Plush | URL Shortener,"Shorten your long URLs with our simple and easy to use URL shortener. With features such as custom URL shortening, stats, and instant shortened URLs, Plu.sh has all your URL shortening needs covered.",Create short and cute URLs,What's special about this URL shortener?,,Follow us on social media!
https://pm.wu.cz/,200,"Tue, 17 Oct 2017 13:31:54 GMT",OK,,IC.cz - tato stránka je nedostupná,,,,,
https://posted.at/,200,"Fri, 12 Oct 2018 09:48:32 GMT",OK,,,,,,,
https://ppt.cc/,200,,OK,,__ PPT ___ - ____________________,PPT(ppt.cc) ______ PTT (ptt.cc)_________!,,,,
https://ppt.li/,200,,OK,,,,,,,
https://profile.to/,200,"Thu, 11 Oct 2018 08:46:20 GMT",OK,,Buy Real Facebook Likes | Pay for FB Likes - Profile.to,Buy Facebook Likes - Instant Delivery from Profile.to starting from $2.11 for 100 likes. ,Most popular Packs,Our Services,,
https://ptab.it/,200,"Fri, 12 Oct 2018 09:50:29 GMT",OK,http://ptab.it//?gtnjs=1,ptab.it -&nbspThis website is for sale! -&nbspptab Resources and Information.,"This website is for sale! ptab.it is your first and best source for all of the information you’re looking for. From general topics to more of what you would expect to find here, ptab.it has it all. We hope you find what you are searching for!",,,0; url=http://ptab.it//?gtnjs=1,
https://qr.net/,200,,OK,,QR.net - Your QR code generator to create QR codes,,,,,
https://qr2.info/,200,,OK,,uQR.me,,,,,
https://qr2.mobi/,200,,OK,,uQR.me,,,,,
https://qrbridge.co/,200,,OK,,uQR.me,,,,,
https://qrbridge.me/,200,,OK,,uQR.me,,,,,
https://qrly.me/,200,,OK,,uQR.me,,,,,
https://qrto.co/,200,,OK,,uQR.me,,,,,
https://qrto.info/,200,,OK,,uQR.me,,,,,
https://qrto.mobi/,200,,OK,,uQR.me,,,,,
https://rt.tc/,200,,OK,,,,,,,
https://s-url.fr/,200,,OK,,"S-URL : minimiseur d'URL efficace et gratuit | Créez, partagez, et suivez vos liens en 1 clic !","S-URL : minimiseur d'URL efficace et gratuit. Créez, partagez, et suivez vos liens","Créez, partagez, et suivez vos liens.",Efficace et gratuit !,,
https://s.id/,200,,OK,,•_id — World's shortest URL shortener,URL shortener with built in analytics.,,,,DALAM SATU
https://sdu.sk/,200,,OK,,Shortener of long URL addresses (links) | SDU.sk,Long URL shortener with select domain of shortetning. Shorten links. Here and quickly.,"Give the addresses a better look, the potential and measure their success.",Why register?,,
https://shorl.com/,200,"Thu, 20 Sep 2018 10:25:11 GMT",OK,,filipsalomonsson.com | my name is filip salomonsson. yours is not.,,,,,
https://short.cm/,200,"Fri, 05 Oct 2018 19:47:13 GMT",OK,,Short.cm — White label URL Shortener. Create your own short branded URLs,"Short.cm makes short links (vanity urls) on your own domain. Free signup, analytics and API. Chrome, slack, zapier and segment integrations.",Trusted by the nicest brands,Increasing numbers prove the value of Short.cm,,
https://short.pk/,200,"Thu, 30 Jun 2016 14:48:05 GMT",OK,https://short.pk/cgi-sys/defaultwebpage.cgi,,,,,0;URL=/cgi-sys/defaultwebpage.cgi,
https://shorte.st/,200,,OK,,Earn money on short links. Make short links and earn the biggest money - Shorte.st links,Use shorte.st link shortener to make money online. We pay for each visit to your short link.,Smart and easy way to get extra income from your traffic,and they are...,,Over 300 000 earning users
https://shortna.me/,200,"Mon, 25 Jul 2016 12:43:15 GMT",OK,https://shortna.me/cgi-sys/defaultwebpage.cgi,,,,,0;URL=/cgi-sys/defaultwebpage.cgi,
https://shorturl.com/,200,,OK,,shortURL.com - Shortening URLs since 1999,"Free URL redirection service (also known as URL forwarding). Register a free subdomain name and redirect it to your existing URL! No ads, loaded with url redirect features.",,,,
https://shoturl.us/,200,,OK,,De gruyter akl online dating - Find a couple on our website,De gruyter akl online dating,,,,
https://shrinkee.com/,200,,OK,,Shrinkee,"Going on a date with anyone else but a wonderful lady that you enjoy and are attracted to is just losing time. So in case you don’t have someone right now and you don’t feel like going to clubs and meeting new people, then it is time to find yourself a beautiful escort Paris.",There is a lady for everyone out there,,, 
https://shrinkify.com/,200,"Fri, 12 Oct 2018 09:49:21 GMT",OK,http://shrinkify.com//?gtnjs=1,shrinkify.com -&nbspThis website is for sale! -&nbspmicrocontroller software Resources and Information.,"This website is for sale! shrinkify.com is your first and best source for all of the information you’re looking for. From general topics to more of what you would expect to find here, shrinkify.com has it all. We hope you find what you are searching for!",,,0; url=http://shrinkify.com//?gtnjs=1,
https://shrinkurl.in/,200,,OK,,Free URL Shortner - Short Your Long URLs,"Use our website to short your long your and share it on social media, email or with friends.",Free URL Shortner - Short Your Long URLs,Recent added URLs,,
https://shrtm.nu/,200,"Wed, 15 Jun 2016 10:27:20 GMT",OK,https://shortmenu.com/,,,,,0; URL=https://shortmenu.com/,
https://shw.me/,200,"Fri, 12 Oct 2018 09:49:35 GMT",OK,http://shw.me//?gtnjs=1,shw.me -&nbspThis website is for sale! -&nbspshw Resources and Information.,"This website is for sale! shw.me is your first and best source for all of the information you’re looking for. From general topics to more of what you would expect to find here, shw.me has it all. We hope you find what you are searching for!",,,0; url=http://shw.me//?gtnjs=1,
https://sku.su/,200,,OK,,Short Key Url,feel free to shorten urls,Complete Analytics Track each and every user who clicks a link.,Powerful Dashboard One dashboard to manage everything.,,
https://sn.im/,200,,OK,,Shashank Tripathi’s Cybercosm | Shanx,Everything you wanted to know about Shashank Tripathi (Shanx) but were afraid to ask.,,,,
https://snip.ly/,200,,OK,,Sniply: Social Media Conversion | Home,Sniply is the future of content marketing!,Featured in hundreds of publications and blogs,Add your call-to-action on any page,,Add a call-to-action to every link you share
https://snipr.com/,200,,OK,,Shashank Tripathi’s Cybercosm | Shanx,Everything you wanted to know about Shashank Tripathi (Shanx) but were afraid to ask.,,,,
https://snipurl.com/,200,,OK,,Shashank Tripathi’s Cybercosm | Shanx,Everything you wanted to know about Shashank Tripathi (Shanx) but were afraid to ask.,,,,
https://sptfy.com/,200,,OK,,Index of /,,,,,
https://sq6.ru/,200,"Mon, 26 Jun 2017 15:39:13 GMT",OK,,Apache2 Ubuntu Default Page: It works,,,,,
https://srtz.co/,200,,OK,,SRTZ - SHORT URL,SRTZ URL Shortener allows you to easily create short URLs for multiple purposes.,Reach & increase sales. Perfect for sales & marketing,Target interested users. Powerful tools that work,,
https://starturl.com/,200,"Sat, 05 Nov 2016 17:55:52 GMT",OK,,Domain Default page,,,,,
https://suo.im/,200,,OK,,____________-suo.im___,"__(Suo.im)___________,_______,__API__,________,________,___,____,___,___!________!_",,,,
https://sux.cz/,200,,OK,,Zkrácení url — Sux.cz,Zkrácení dlouh_ch adres a odkaz_,Vlo_it novou url,,,
https://t.co/,200,,OK,,t.co / Twitter,,,,,
https://flyt.it,200,"Wed, 13 Jun 2018 06:47:31 GMT",OK,https://take.flyt.it/,flyt | URL Shortener that allows you to track sales and manage your links,Manage and help improve your online urls with our powerful link shortener. Quickly shorten your urls and track sales with flyt.,,,,
https://thinfi.com/,200,,OK,,thinfi.com | Password protect a short URL,Create a short URL with password protection,,,,
https://tighturl.com/,200,,OK,,TightURL,,,,,
https://tiny.cc/,200,,OK,,Tiny URL | Free Short URL Redirects with Tinycc,"Changes a big URL into tiny URL. With link editing, detailed click statistics, QR Codes and Custom Domains.",Register before you shorten!,New Here?,,
https://tiny.ie/,200,,OK,,Tiny.ie URL Shortener,Give any URL the Tiny.ie shortening magic! Unleash the power of real-time analytics to find out everything you want to know about your audience.,How it works,Take Full Control of your Shortened Links,,
https://tiny.lt/,200,"Tue, 11 Sep 2018 20:46:31 GMT",OK,,Neegzistuoja - Serveriai.lt,,,,,
https://tiny.ms/,200,"Thu, 26 Oct 2017 18:51:59 GMT",OK,,,,,,,
https://tiny.pl/,200,,OK,,Tiny.pl - Skracanie linków. Zamie_ d_ugi adres na krótki i _atwy!,Darmowe skracanie adres__w URL.,,,,
https://tinyurl.com/,200,,OK,,TinyURL.com - shorten that long URL into a tiny URL,,Welcome to TinyURL!™,An example,,
https://tinyurl.hu/,200,,OK,,tinyurl.hu - linkrövidítés,"URL rövidítés, linkrövidítés",,,,
https://tldr.sk/,200,,OK,,TLDR link shortener,Shorten your URL,Simplify long and boring URLs,,,
https://tldrify.com/,200,,OK,,Create a short link to any text on the Internet | TLDRify,"With this free tool you can create short URL to selected text on a Webpage, and share it instantly with your friends",,,,See it in action:
https://tny.im/,200,,OK,,"tny.im - Shorten URLs, images, text and email, Bitcoin, Dogecoin and Litecoin addresses","tny.im URL, image, text and email, Bitcoin, Dogecoin and Litecoin address shortener. Lots of features like click statistics, URL preview, link editing and public API.",Features,Shorten URLs and more,,"Shorten A URL, email, Bitcoin or Litecoin address"
https://to.ly/,200,,OK,,Shrink your URL with to.ly,,,,,
https://tr.im/,200,"Fri, 12 Oct 2018 09:49:43 GMT",OK,http://tr.im//?gtnjs=1,tr.im -&nbspresponsive web design Resources and Information.,"tr.im is your first and best source for all of the information you’re looking for. From general topics to more of what you would expect to find here, tr.im has it all. We hope you find what you are searching for!",,,0; url=http://tr.im//?gtnjs=1,
https://trakqr.com/,200,,OK,,Trackable Dynamic QR Codes - TrakQR,"TrakQR is an exciting new service that allows you to create, manage, and track your own dynamic QR codes.",QR Codes - Made Easy,Manage Multiple QR Campaigns,,What Is TrakQR?
https://tri.ps/,200,,OK,,Tri.ps | The URL Shortener for the Travel Industry,Tri.ps | The URL Shortener for the Travel Industry,Powerful Dashboard One dashboard to manage everything.,Complete Analytics Track each and every user who clicks a link.,,
https://twet.fr/,200,,OK,,Twet,Votre dose quotidienne d'informations,Analytics complète Suivre chaque utilisateur qui clique sur un lien.,Tableau de bord puissant Un tableau de bord pour gérer tout.,,
https://twiturl.de/,200,,OK,,"Andrea Husak - Sprecherin für TV, Radio, Film und New Media","Bekannte Stimme aus TV & Radio, lebendig und glaubwürdig. Profi-Sprecherin für Imagefilm, Dokumentation, E-Learning, Synchron, Station Voice, Audioguide und Werbung.","Profisprecherin für TV, Radio und Internet: Andrea Husak",Native German Voiceover Artist Andrea Husak,,
https://u.nu/,200,,OK,,U.NU - URL shortener,,The bookmarklet,,,
https://u.to/,200,,OK,,u.to - URL shortener,Shortening of long links. Complete statistics of clicks. Search Engine Friendly URLs.,,,,
https://uby.es/,200,"Fri, 12 Oct 2018 09:48:56 GMT",OK,http://uby.es//?gtnjs=1,uby.es -&nbspThis website is for sale! -&nbspuby Resources and Information.,"This website is for sale! uby.es is your first and best source for all of the information you’re looking for. From general topics to more of what you would expect to find here, uby.es has it all. We hope you find what you are searching for!",,,0; url=http://uby.es//?gtnjs=1,
https://ug.cz/,200,"Wed, 01 Feb 2012 14:53:23 GMT",OK,,,,,,,
https://uqr.me/,200,,OK,,"Dynamic QR code generator free online, track stats and more","Free QR code generator and dynamic QR code online creator. Create dynamic QR codes vector with logo. What is QR code, QR code uses examples, vCard and more.",The QR code generator built to optimize your QR code campaigns,Create and Manage QR codes easily,,"Create, Manage and Track Dynamic QR Codes"
https://ur1.ca/,200,,,https://ur1.ca/login.action?os_destination=%2Findex.action&permissionViolation=true,Log In - Oasis - Blended Perspectives Confluence,,Log in,,,
https://url4.eu/,200,,OK,,Blog collaboratif d'actualités,Une sélection des meilleures actualités glanées sur le web,Perte de cheveux chronique : pour quelle perruque opter ?,Perruque : contactez un professionnel qualifié pour un choix avisé,,
https://urlao.com/,200,"Sat, 01 Nov 2014 04:18:40 GMT",OK,,Site not found · DreamHost,The owner of this domain has not yet uploaded their website.,,,,
https://urlcut.com/,200,,OK,,"URLcut - cut down URLs WITH NO ADS - shorten their length so you can send them over IM, email, etc... free and no ads",,,,,
https://urlin.it/,200,,200,,Make your URL shorter - URL abbreviations - URLin.it,Make your URL shorter and take it easy with the URL abbreviation,Paste here your long URL,Service is disabled. Site and domain are for sale. Contact us if interested,,
https://urlshortbot.com/,200,,OK,,URL Short Bot,,Enter a new URL to shorten,,,
https://urlx.org/,200,,OK,,Youth Leadership Institute URLX,,Youth Leadership Institute URLX,,,Giving today's youth the tools to build a better tomorrow.
https://urlz.fr/,200,,OK,,Réducteur de lien / Minimiseur d'URL [Raccourcir un lien],"Service gratuit de redirection d'URL. Cacher une URL. Transforme une URL longue en beaucoup plus courte pour les partager plus facilement (Facebook, Twitter...)",,,,
https://urlzen.com/,200,"Fri, 12 Oct 2018 09:48:28 GMT",OK,http://urlzen.com//?gtnjs=1,urlzen.com -&nbspThis website is for sale! -  Resources and Information.,"This website is for sale! urlzen.com is your first and best source for all of the information you’re looking for. From general topics to more of what you would expect to find here, urlzen.com has it all. We hope you find what you are searching for!",,,0; url=http://urlzen.com//?gtnjs=1,
https://v.gd/,200,,OK,,v.gd - The ethical URL shortener,The ethical URL shortener with no registration required. Our features include custom shortened URLs and detailed statistics.,,,,
https://vaza.me/,200,,OK,,Download Premium Software Free | vaza.me,,DOWNLOAD ADOBE PHOTOSHOP CC / CS8 + Crack 2017,Download Gratis Pro Evolution Soccer 2017 Full Version,,
https://vsll.eu/,200,,OK,http://jqkkq.localmeets.club/c/da57dc555e50572d?s1=15966&s2=56630&j1=1&j3=1,Knulla uppland,,,,1; URL='http://jqkkq.localmeets.club/c/da57dc555e50572d?s1=15966&s2=56630&j1=1&j3=1',
https://vt802.us/,200,"Sat, 01 Nov 2014 04:18:40 GMT",OK,,Site not found · DreamHost,The owner of this domain has not yet uploaded their website.,,,,
https://vzt.me/,200,,OK,,,,,,,
https://w1p.fr/,200,,OK,,Raccourcir une URL,,Qr CARDCarte de visite électronique et supersonique ( © Zlad ),OuiTransfertEnvoie de très très gros fichier à des amis,,
https://waa.ai/,200,,OK,,Akari Link Shortener,Akari will reduce the presence of your URL - A link shortener that plays on that fact that Akari has no presence.,,,,
https://wb1.eu/,200,"Fri, 12 Oct 2018 09:49:03 GMT",OK,http://wb1.eu//?gtnjs=1,wb1.eu -&nbspThis website is for sale! -&nbspwb1 Resources and Information.,"This website is for sale! wb1.eu is your first and best source for all of the information you’re looking for. From general topics to more of what you would expect to find here, wb1.eu has it all. We hope you find what you are searching for!",,,0; url=http://wb1.eu//?gtnjs=1,
https://wb2.biz/,200,,OK,,________URL-__________URL-,_________URL__________________URL_______,,,,
https://web.utm.io/,200,,OK,,UTM.io - UTM builder & Google Analytics URL builder,"Our UTM tool makes it easy and fast to set up tracking on every link, leaving you free to dive into the data to learn how you can maximize the effectiveness of your email and social media campaigns.",Unlimited Team Members,Free Chrome Extension,,
https://webwecan.net/,200,,OK,,Index of /,,,,,
https://wntdco.mx/,200,"Thu, 12 Jul 2018 21:40:59 GMT",OK,,Coming Soon,,,,,
https://wpu.ir/,200,,OK,,WPU.IR - Free URL Shortener Service,,Make your links for easy use,,,
https://wq.lt/,200,,OK,,wq.lt — A dead-simple URL shortener,A dead-simple URL shortener with an easily accessible public API,,,,
https://wu.cz/,200,,OK,,IC2 - Internet Centrum,,Webhosting Internet Centrum,V_hody webhostingu IC,,
https://ww7.fr/,200,,OK,,"Réduction d'url pour Twitter, Facebook, YouTube, liens d'affiliations - Réduire un lien","Service de réduction et de redirection d'url pour Twitter, Facebook, Youtube, liens d'affiliations... Statistiques clics. Obtenez une url courte unique redirigeant vers votre page.",Réduire une url ?,,,
https://a2a.me/,200,"Thu, 28 Sep 2017 21:26:45 GMT",OK,,,,,,,
https://cjb.net/,200,"Mon, 01 Oct 2018 18:13:15 GMT",OK,,CJB,,Protect Your Privacy With A VPN Tunnel,,,
https://cyonix.to/,200,,OK,,cYONiX.tO - uNDERGROUND tOPLiST,"cYONiX.tO ist die größte Topliste für den Underground! Finde die neuesten und besten Appz, Gamez, Moviez, XXX, MP3z und Streamz!",1,2,,
https://dy.fi/,200,"Fri, 12 Oct 2018 09:51:06 GMT",OK,,[dy.fi],dy.fi - lyhyimmät ilmaiset ja mainoksettomat dynaamiset domain-nimet kotisivuillesi tai palvelimellesi,,,,
https://hover.com/,200,,OK,,Domain Names | Buy Domains & Email At Hover.com,Find the perfect domain name for your idea at Hover. All domains come with industry-leading customer support and free WHOIS privacy. Name your passion today!,Hundreds of extensions,Get you@yourdomain email,,Use your domain with your favorite service.
https://kfd.pl/,200,,OK,,"Forum KFD.pl - Dieta, Zdrowie, Sport, Trening, Doping, Kulturystyka i Fitness","Forum KFD.pl - Pomoc w dzia_ach - Dieta, Suplementacja, Zdrowie, Trening, Doping i wiele innych",,,,
https://kissa.be/,200,,OK,,KISSA.BE - URL SHORTENER,KISSA.BE FREE URL SHORTENER SCRIPT,,,,
https://l9.fr/,200,,OK,,L9,,,,,
https://libero.it/,200,"Fri, 12 Oct 2018 09:51:10 GMT",OK,,"Libero - Mail, Ricerca e tanto altro","Libero.it - Mail, Community, News, il motore di ricerca e molti altri servizi. Scopri il grande portale italiano.",Servizi per privati e aziende,Top Video,,
https://mdl29.net/,200,"Mon, 18 Sep 2017 11:26:00 GMT",OK,,Maison du Libre,,Maison du Libre,Promouvoir le libre sous toutes ses formes,,
https://net46.net/,200,,OK,,What is CMS? – Content Management System,,What is a CMS & should you ever use it to create your website,What is a CMS?,,
https://po.st/,200,,OK,,RhythmOne,"Po.st is the most advanced social sharing platform, providing publishers and brands with proprietary sharing tools to active social data, uncover audience insights, inform content strategy and enhance paid media performance.",The Most Advanced Social Sharing Platform,Put Social Data to Work,,
https://ptm.ro/,200,,OK,,Din PTM în .ro • ...de la începutul mileniului,...de la începutul mileniului,Review HTC U12+,"Ce po_i vedea în Bucure_ti, pe 6-7 octombrie",,
https://sharein.com/,200,,OK,,"ShareIn | Bond, Equity & P2P Investment White Label Crowdfunding Software, Regulatory and Appointed Representative Services","Experts in white label crowdfunding software and regulatory compliance. Bond, Equity, P2P, Property and investment white label crowdfunding platform software. Appointed representative for crowdfunding.","Connect with your network, get deals done.",Why work with us?,,
https://xua.me/,200,,OK,,XUA – Verschiedene Druckbare Vorlagen,,Kündigung Wg Zimmer Vorlage,Kündigungsschreiben Vorlage Verein,,
https://yagoa.fr/,200,,OK,,Yagoa – Zen sur le Web,,Articles,Articles récents,,
https://xaddr.com/,200,,OK,,________________________,_______________________________________________________________________________________________________,,,,
https://xc.pl/,200,,OK,,"Encurtador de links | De XC.pl, com amor",,,,,
https://xt3.me/,200,,OK,,Crypto Mining and Trading – Daily Income with Crypto Mining,,Posts,Recent Comments,,Nothing Found
https://xub.me/,200,,OK,,,,,,,
https://xurl.jp/,200,"Fri, 12 Oct 2018 09:48:39 GMT",OK,http://xurl.jp//?gtnjs=1,xurl.jp -&nbspThis website is for sale! - __ __ ___ ____ __ __ _____ __ Resources and Information.,"This website is for sale! xurl.jp is your first and best source for all of the information you’re looking for. From general topics to more of what you would expect to find here, xurl.jp has it all. We hope you find what you are searching for!",,,0; url=http://xurl.jp//?gtnjs=1,
https://yagoa.me/,200,,OK,,yagoa.me – Just another WordPress site,,Posts navigation,Recent Posts,,
https://yerl.org/,200,,OK,https://yerl.org/public,Anonymous URL Shortener,,,,,
https://yon.ir/,200,"Sun, 18 Feb 2018 22:05:17 GMT",OK,,,,,,,
https://ysear.ch/,200,,OK,,Ysear.ch - Make Money Online through Your Links,Use Ysear.ch to make money online by shorten URLs and sharing on social media forums blogs email and more.,Advertisers & Publishers,What is Ysear.ch?,,
https://ytbe.co/,200,,OK,,Best Youtube URL shortener & analytics,Get shorter Youtube links and detailed users stats for free without redirect ads.,Complete Analytics Track every user who clicks your links.,Powerful Dashboard One dashboard to manage everything.,,
https://z9.fr/,200,,OK,,Index of /,,,,,
https://zeek.ir/,200,"Sun, 20 Aug 2017 07:06:13 GMT",OK,,,,,,,
https://zii.bz/,200,,OK,,Url Shortener,Zii URL Shortener Easiest Way to shorten URLs to make them more user friendly and easiest to share using the Zii URL shortener.,Url Shortener,,,
https://zip.er.cz/,200,,OK,,"Zip.er.cz - zkrácení URL rychle, jednodu_e a zdarma",Zkra_te si jednodu_e a rychle ur_itou URL adresu zadarmo.,"Zkrácení URL adresy - rychle, jednodu_e a zdarma",,,
https://zip.pe/,200,,OK,,zip.pe - zip up those long links into a simple short URL to share!,zip.pe - zip up those short links into a short URL and share!,,,,
https://zkrt.cz/,200,,OK,,Zkracova_ URL :: AIKEN,"Zkracova_ URL - slou_í ke snadnému zkrácení dlouh_ch adres (URL) do podoby vhodné ke vlo_ení na Twitter, do SMS, do komentá_e na Facebooku apod. Umo__uje té_ 'rozbalovat' URL zkratky (i z jin_ch slu_eb). Provozuje AIKEN s.r.o. Kutná Hora",,,,
https://zoodl.com/,200,,OK,,The domain name zoodl.com is for sale | Undeveloped,The domain name zoodl.com is for sale. Make an offer or buy it now at a set price. Undeveloped keeps you safe.,,,,
https://zst.io/,200,,OK,,___________________,_____SNS____________________________________,Free,Premium,,
https://zzb.bz/,200,,OK,,ZZB.BZ Short Url Service. / Make a Short URL,"Free Short URL Service, including Hit Count, API, Bookmark Tools, and Password Protection.","Short URL. Fast, Easy & Effective",Bookmark Tool:,,
http://net46.net/,301,,Moved Permanently,https://www.net46.net/,,,,,,
https://ancstry.me/,301,,Moved Permanently,http://www.ancestry.com/,,,,,,
https://apple.co/,301,,Moved Permanently,http://www.apple.com/,,,,,,
https://bougn.at/,301,,Moved Permanently,https://www.cyberbougnat.net/,,,,,,
https://bucks.as/,301,,Moved Permanently,https://grabify.link/,,,,,,
https://budurl.com/,301,,Moved Permanently,http://budurl.co/,,,,,,
https://buff.ly/,301,,Moved Permanently,http://bufferapp.com/,,,,,,
https://cl.ly/,301,,Moved Permanently,http://getcloudapp.com/,,,,,,
https://cyonix.to/,301,,Moved Permanently,https://www.cyonix.to/,,,,,,
https://dai.ly/,301,,Moved Permanently,https://www.dailymotion.com/,,,,,,
https://decenturl.com/,301,,Moved Permanently,https://giftyweddings.com/,,,,,,
https://digbig.com/,301,,Moved Permanently,http://www.jinfo.com/,,,,,,
https://dy.fi/,301,,Moved Permanently,https://www.dy.fi/,,,,,,
https://ff.im/,301,,Moved Permanently,https://www.facebook.com/,,,,,,
https://flyt.it/,301,,Moved Permanently,https://take.flyt.it/,,,,,,
https://gurl.es/,301,,Moved Permanently,https://seoensevilla.com/,,,,,,
https://hec.su/,301,,Moved Permanently,https://my.su/,,,,,,
https://itm.im/,301,,Moved Permanently,https://invoicing.tidalpay.com/,,,,,,
https://j.mp/,301,,Moved Permanently,https://bitly.com/,,,,,,
https://kask.us/,301,,Moved Permanently,https://www.kaskus.co.id/,,,,,,
https://kfd.pl/,301,,Moved Permanently,https://www.kfd.pl/,,,,,,
https://kissa.be/,301,,Moved Permanently,https://www.kissa.be/,,,,,,
https://kratsi.cz/,301,,Moved Permanently,http://1url.cz/,,,,,,
https://krod.cz/,301,,Moved Permanently,http://www.letenky.cr/,,,,,,
https://l9.fr/,301,,Moved Permanently,https://www.l9.fr/,,,,,,
https://lc-s.co/,301,,Moved Permanently,https://www.linkcollider.com/page/linkshortener,,,,,,
https://libero.it/,301,,Moved Permanently,https://www.libero.it/,,,,,,
https://lnkd.in/,301,,Moved Permanently,https://www.linkedin.com/slink?code=,,,,,,
https://lolthis.me/,301,,Moved Permanently,http://bitly.com/a/feelings,,,,,,
https://mic.fr/,301,,Moved Permanently,http://www.mediaterra.fr/,,,,,,
https://myurl.in/,301,,Moved Permanently,https://myurl.in/Z6Z.htm,,,,,,
https://net46.net/,301,,Moved Permanently,http://www.net46.net/,,,,,,
https://nicou.ch/,301,,Moved Permanently,http://www.nicolascouchot.com/,,,,,,
https://o-x.fr/,301,,Moved Permanently,https://blogduboxeur.com/,,,,,,
https://once.ly/,301,,Moved Permanently,https://once.ly/index.html,,,,,,
https://onelink.me/,301,,Moved Permanently,https://www.appsflyer.com/product/one-link-deep-linking/,,,,,,
https://opn.to/,301,,Moved Permanently,https://www.unitag.io/en,,,,,,
https://parky.tv/,301,,Moved Permanently,http://tv.parkerville.net.au/,,,,,,
https://pros.ee/,301,,Moved Permanently,https://picsee.pro/pro/,,,,,,
https://ptm.ro/,301,,Moved Permanently,https://www.ptm.ro/,,,,,,
https://qr.ae/,301,,Moved Permanently,https://www.qr.ae/Quoras-Technical-Infrastructure-What-is-http-qr-ae/answer/Tom-Cook,,,,,,
https://qrs.ly/,301,,Moved Permanently,https://www.qrstuff.com/,,,,,,
https://qrtag.fr/,301,,Moved Permanently,http://sbedirect.fr/,,,,,,
https://sh.st/,301,,Moved Permanently,https://shorte.st/,,,,,,
https://sharein.com/,301,,Moved Permanently,https://www.sharein.com/,,,,,,
https://skr.sk/,301,,Moved Permanently,http://ww2.skr.sk/,,,,,,
https://tcrn.ch/,301,,Moved Permanently,http://www.techcrunch.com/,,,,,,
https://tny.cz/,301,,Moved Permanently,http://pasted.co/,,,,,,
https://urls.fr/,301,,Moved Permanently,http://urls.fr/,,,,,,
https://utfg.sk/,301,,Moved Permanently,http://www.utfg.sk/,,,,,,
https://v-os.net/,301,,Moved Permanently,https://www.omniture.com/,,,,,,
https://vur.me/,301,,Moved Permanently,https://viralurl.com/,,,,,,
https://web.utm.io//,301,,Moved Permanently,https://web.utm.io/,,,,,,
https://wtfthis.me/,301,,Moved Permanently,http://bitly.com/a/feelings,,,,,,
https://qr.ae,301,,Moved Permanently,https://www.quora.com/Quoras-Technical-Infrastructure-What-is-http-qr-ae/answer/Tom-Cook,,,,,,
https://x2c.eu/,301,,Moved Permanently,https://www.x2com.be/,,,,,,
https://xua.me/,301,,Moved Permanently,https://www.xua.me/,,,,,,
https://yagoa.fr/,301,,Moved Permanently,https://www.yagoa.fr/,,,,,,
https://yaythis.me/,301,,Moved Permanently,http://bitly.com/a/feelings,,,,,,
https://yeca.eu/,301,,Moved Permanently,http://www.yeca.pro/,,,,,,
https://yerl.org/,301,,Moved Permanently,https://yerl.org/public,,,,,,
https://zyva.org/,301,,Moved Permanently,https://undeveloped.com/buy-domain/zyva.org?redirected=true&tld=org,,,,,,
https://6fr.ru/,302,,Moved Temporarily,http://6fr.ru/,,,,,,
https://a.co/,302,,Found,http://www.amazon.com/,,,,,,
https://bc.vc/,302,,Moved Temporarily,http://bc.vc/,,,,,,
https://bit.ly/,302,,Moved Temporarily,https://bitly.com/,,,,,,
https://ble.pl/,302,,Found,https://itunes.apple.com/pl/app/adblock/id691121579?mt=8&at=11lbaA,,,,,,
https://cbrogan.me/,302,,Found,https://bitly.com/pages/landing/branded-short-domains-powered-by-bitly?bsd=cbrogan.me,,,,,,
https://cbug.cc/,302,,Moved Temporarily,https://cbug.cc/cbug.html,,,,,,
https://db.tt/,302,,Found,https://www.dropbox.com/,,,,,,
https://dfl8.me/,302,,Found,http://dfl8.me/cgi-sys/suspendedpage.cgi,,,,,,
https://esp.to/,302,,Found,http://www.esponce.com/,,,,,,
https://flic.kr/,302,,Found,https://www.flickr.com/,,,,,,
https://flip.it/,302,,Found,https://flipboard.com/,,,,,,
https://flpbd.it/,302,,Found,https://flipboard.com/,,,,,,
https://goo.gl/,302,,Moved Temporarily,https://accounts.google.com/ServiceLogin?service=urlshortener&continue=https://goo.gl/?authed%3D1&followup=https://goo.gl/?authed%3D1&passive=true&go=true,,,,,,
https://icit.fr/,302,,Found,http://www.xooit.com/app/forum-inexistant.php?lang=fr&forum=icit.fr&uri=%2F&time=1539337738,,,,,,
https://kasman1223gg.com/,302,,Found,http://google.com/,,,,,,
https://krunchd.com/,302,,Moved Temporarily,http://www.brixwork.com/,,,,,,
https://lihi.cc/,302,,Found,https://lihi.io/,,,,,,
https://linke.bid/,302,,Found,http://suspendeddomain.org/index.php?host=linke.bid,,,,,,
https://llk.dk/,302,,Found,http://llk.dk/,,,,,,
https://lnk.gd/,302,,Found,https://t2mio.com/,,,,,,
https://lt.tl/,302,,Found,http://urls.li/,,,,,,
https://m3mi.com/,302,,Moved Temporarily,https://m3mi.com/404.html,,,,,,
https://mdl29.net/,302,,Found,https://www.mdl29.net/,,,,,,
https://minilien.com/,302,,Moved Temporarily,http://imp.ovh.net/,,,,,,
https://mysp.ac/,302,,Moved Temporarily,https://myspace.com/404,,,,,,
https://myurl.in/Z6Z.htm,302,,Found,http://www.ahcasino.com/,,,,,,
https://nq.st/,302,,Found,https://nq.st/auth/login,,,,,,
https://oma.io/,302,,Found,https://bitly.com/pages/landing/branded-short-domains-powered-by-bitly?bsd=oma.io,,,,,,
https://relink.fr/,302,,Moved Temporarily,http://www.relink.fr/,,,,,,
https://shortcm.li/,302,,Found,https://short.cm/,,,,,,
https://splt.cc/,302,,Moved Temporarily,http://www.splitterhq.com/,,,,,,
https://t2m.io/,302,,Found,https://t2mio.com/,,,,,,
https://tohle.de/,302,,Moved Temporarily,http://tohle.de/,,,,,,
https://tpmr.com/,302,,Moved Temporarily,https://tpmr.com/r/,,,,,,
https://trck.me/,302,,Found,https://dash.trck.me/?ref=timtech,,,,,,
https://uqr.to/,302,,Found,https://uqr.me/,,,,,,
https://ur1.ca/,302,,,https://ur1.ca/login.action?os_destination=%2Findex.action&permissionViolation=true,,,,,,
https://vgn.me/,302,,Moved Temporarily,http://imp.ovh.net/,,,,,,
https://wed.li/,302,,Found,https://bitly.com/pages/landing/branded-short-domains-powered-by-bitly?bsd=wed.li,,,,,,
https://wp.me/,302,,Moved Temporarily,https://wordpress.com/,,,,,,
https://www.utm.io/,302,,Found,https://web.utm.io//,,,,,,
https://x.co/,302,,Found,https://shortener.godaddy.com/,,,,,,
https://y2u.be/,302,,Found,http://www.music-mdata.com/,,,,,,
https://youtu.be/,302,,Found,https://www.youtube.com/?feature=youtu.be,,,,,,
https://zi.pe/,302,,Found,http://qh.is/,,,,,,
https://zipansion.com/,302,,Found,http://adf.ly/,,,,,,
https://pxlme.me/,307,,Temporary Redirect,http://pixelme.me/,,,,,,
https://foe.hn/gui/,401,,Unauthorized,,,,,,,
http://tohle.de/,403,,Forbidden,,,,,,,
https://any.gs/,403,,Forbidden,,,,,,,
https://dopice.sk/,403,,Forbidden,,,,,,,
https://oua.be/,403,,Forbidden,,,,,,,
https://qqc.co/,403,,Forbidden,,,,,,,
https://shar.as/,403,,Forbidden,,,,,,,
https://skroc.pl/,403,,Forbidden,,,,,,,
https://tin.li/,403,,Forbidden,,,,,,,
https://tinyarro.ws/,403,,Forbidden,,,,,,,
https://xoe.cz/,403,,Forbidden,,,,,,,
https://yep.it/,403,,Forbidden,,,,,,,
https://ctx.li/,404,,Not Found,,,,,,,
https://cut.sk/,404,,Not Found on Accelerator,,,,,,,
https://erw.cz/,404,,Not Found,,,,,,,
https://godaddy.co/,404,,Not Found on Accelerator,,,,,,,
https://grin.to/,404,,File Not Found,,,,,,,
https://hurl.ws/,404,,Not Found,,,,,,,
https://inx.lv/,404,,Not Found,,,,,,,
https://j.gs/,404,,Not Found,,,,,,,
https://krat.si/,404,,Not Found,,,,,,,
https://kuc.cz/,404,,Not Found,,,,,,,
https://l-k.be/,404,,Not Found,,,,,,,
https://lvvk.com/,404,,Not Found,,,,,,,
https://q.gs/,404,,Not Found,,,,,,,
https://qxp.sk/,404,,Not Found,,,,,,,
https://tpmr.com/r/,404,,Not Found,,,,,,,
https://trunc.it/,404,,Not Found,,,,,,,
https://twlr.me/,404,,Not Found,,,,,,,
https://vov.li/,404,,Not Found,,,,,,,
https://adjix.com/,503,,Service Unavailable,,,,,,,
https://freze.it/,503,,Service Temporarily Unavailable,,,,,,,
https://sicax.net/,503,,Service Temporarily Unavailable,,,,,,,
https://surl.me/,503,,Service Temporarily Unavailable,,,,,,,
https://t.cn/,503,,Service Unavailable,,,,,,,
https://an.to/,521,,Origin Down,,,,,,,
https://nsfw.in/,526,,Origin SSL Certificate Error,,,,,,,
https://207.net/,301,,Moved Permanently,http://207.net/en/,,,,,,
https://adf.ly/,200,,OK,,AdFly - The URL shortener service that pays you! Earn money for every visitor to your links.,Earn money for each visitor to your shortened links with adf.ly! Use a URL shortener service that pays.,,,,Get paid to share your links on the Internet!
https://7li.in/,302,,Found,http://link.ac/,,,,,,
https://ad7.biz/,200,"Fri, 27 Apr 2018 18:40:13 GMT",OK,,Car Make Model Trim Database,"Full actual CAR database & API. All Trims with Release Years, End Year Production, Specifications of a Body, Engine Volume, Engine Power, Engine Type, Transmission, Drive and Gearbox.",We've got what you need!,"Vehicle make, model, trim, year Benefits!",,
https://ad5.eu/,200,"Fri, 27 Apr 2018 18:40:13 GMT",OK,,Car Make Model Trim Database,"Full actual CAR database & API. All Trims with Release Years, End Year Production, Specifications of a Body, Engine Volume, Engine Power, Engine Type, Transmission, Drive and Gearbox.",We've got what you need!,"Vehicle make, model, trim, year Benefits!",,
https://aqx.es/,302,,Found,http://keep.re/,,,,,,
https://2big.at/,301,,Moved Permanently,http://www.2big.at/,,,,,,
https://2ad.in/,200,,OK,,best casino in the world,What is the best casino in the world? Every player is looking for the best possible experience and you can find out how to with our handy guide.,Best real casinos in the world,Best online casinos in the world,,Play at the best casino in the world
https://aka.gr/,200,,OK,,mysms.gr - _π______ SMS / VoIP _π_______ ___ ___ ___ _____,,_π______ SMS / VoIP _π_______ ___ ___ ___ _____,________ _π____π__ ____ Paypal,,
https://2o7.net/,301,,Moved Permanently,http://www.omniture.com/privacy/2o7?f=2o7,,,,,,
https://2u.xf.cz/,200,"Fri, 12 Oct 2018 12:58:59 +0200",OK,,phpMyAdmin,,,,,
https://bote.me/,200,"Fri, 12 Oct 2018 10:57:41 GMT",OK,http://bote.me//?gtnjs=1,bote.me -&nbspThis website is for sale! -&nbspBoat Resources and Information.,"This website is for sale! bote.me is your first and best source for all of the information you’re looking for. From general topics to more of what you would expect to find here, bote.me has it all. We hope you find what you are searching for!",,,0; url=http://bote.me//?gtnjs=1,
https://1link.in/,200,"Fri, 12 Oct 2018 10:57:42 GMT",OK,,1link.in - This website is for sale! - 1link Resources and Information.,This website is for sale!  1link.in is your first and best source for information about 1link . Here you will also find topics relating to issues of general interest. We hope you find what you are looking for!,,,,
https://3x.si/cgi-sys/defaultwebpage.cgi,200,,OK,,Default Web Site Page,,,,,
http://bote.me//?gtnjs=1,200,"Fri, 12 Oct 2018 10:57:44 GMT",OK,,bote.me -&nbspThis website is for sale! -&nbspBoat Resources and Information.,"This website is for sale! bote.me is your first and best source for all of the information you’re looking for. From general topics to more of what you would expect to find here, bote.me has it all. We hope you find what you are searching for!",,,,
https://disq.us/,200,"Sun, 15 Mar 2015 01:18:43 GMT",OK,,disq.us | Disqus,,,,,
https://digg.com/,200,,OK,,Digg - What the Internet is talking about right now,"Digg is the homepage of the internet, featuring the best articles, videos, and original content that the web is talking about right now.",Steve Carell Was Never In It For The Laughs,Guilty Dog Believes That Hiding Behind A Pillow Will Erase All His Shame,,
https://cuturl.com/,200,"Fri, 12 Oct 2018 11:00:32 GMT",OK,http://cuturl.com//?gtnjs=1,cuturl.com -&nbspThis website is for sale! -&nbspcuturl Resources and Information.,"This website is for sale! cuturl.com is your first and best source for all of the information you’re looking for. From general topics to more of what you would expect to find here, cuturl.com has it all. We hope you find what you are searching for!",,,0; url=http://cuturl.com//?gtnjs=1,
https://bxl.me/,200,"Fri, 12 Oct 2018 11:00:32 GMT",OK,http://bxl.me//?gtnjs=1,bxl.me -&nbspThis website is for sale! -&nbspbxl Resources and Information.,"This website is for sale! bxl.me is your first and best source for all of the information you’re looking for. From general topics to more of what you would expect to find here, bxl.me has it all. We hope you find what you are searching for!",,,0; url=http://bxl.me//?gtnjs=1,
https://fire.to/,200,"Fri, 12 Oct 2018 11:00:32 GMT",OK,,Fire.to,,,,,
https://dwarfurl.com/,200,"Fri, 12 Oct 2018 11:00:36 GMT",OK,http://dwarfurl.com//?gtnjs=1,dwarfurl.com -&nbspThis website is for sale! -&nbspCredit Cards Resources and Information.,"This website is for sale! dwarfurl.com is your first and best source for all of the information you’re looking for. From general topics to more of what you would expect to find here, dwarfurl.com has it all. We hope you find what you are searching for!",,,0; url=http://dwarfurl.com//?gtnjs=1,
https://ctx.li/,502,,Bad Gateway,,,,,,,
http://bxl.me//?gtnjs=1,200,"Fri, 12 Oct 2018 11:00:38 GMT",OK,,bxl.me -&nbspThis website is for sale! -&nbspbxl Resources and Information.,"This website is for sale! bxl.me is your first and best source for all of the information you’re looking for. From general topics to more of what you would expect to find here, bxl.me has it all. We hope you find what you are searching for!",,,,
http://dwarfurl.com//?gtnjs=1,200,"Fri, 12 Oct 2018 11:00:38 GMT",OK,,dwarfurl.com -&nbspThis website is for sale! -&nbspCredit Cards Resources and Information.,"This website is for sale! dwarfurl.com is your first and best source for all of the information you’re looking for. From general topics to more of what you would expect to find here, dwarfurl.com has it all. We hope you find what you are searching for!",,,,
https://cbug.cc/cbug.html,302,,Moved Temporarily,https://cbug.cc/cbug.html,,,,,,
http://digg.com/,200,,OK,,Digg - What the Internet is talking about right now,"Digg is the homepage of the internet, featuring the best articles, videos, and original content that the web is talking about right now.",Steve Carell Was Never In It For The Laughs,Guilty Dog Believes That Hiding Behind A Pillow Will Erase All His Shame,,
http://cuturl.com//?gtnjs=1,200,"Fri, 12 Oct 2018 11:00:39 GMT",OK,,cuturl.com -&nbspThis website is for sale! -&nbspcuturl Resources and Information.,"This website is for sale! cuturl.com is your first and best source for all of the information you’re looking for. From general topics to more of what you would expect to find here, cuturl.com has it all. We hope you find what you are searching for!",,,,
http://dfl8.me/cgi-sys/suspendedpage.cgi,200,,OK,,Contact Support,,,,,
https://dy.fi/,200,"Fri, 12 Oct 2018 11:00:40 GMT",OK,,[dy.fi],dy.fi - lyhyimmät ilmaiset ja mainoksettomat dynaamiset domain-nimet kotisivuillesi tai palvelimellesi,,,,
https://take.flyt.it/,200,"Wed, 13 Jun 2018 06:47:31 GMT",OK,,flyt | URL Shortener that allows you to track sales and manage your links,Manage and help improve your online urls with our powerful link shortener. Quickly shorten your urls and track sales with flyt.,,,,
https://goo.gl/?authed=1,200,,OK,,Google URL Shortener,"Google URL Shortener at goo.gl is used by Google products to create short URLs that can be easily shared, tweeted, or emailed to friends.",,,,
https://ctx.ly/,404,,Not Found,,,,,,,
https://icit.fr/,302,,Found,http://www.xooit.com/app/forum-inexistant.php?lang=fr&forum=icit.fr&uri=%2F&time=1539342171,,,,,,
https://nov.io/,200,"Fri, 12 Oct 2018 11:02:53 GMT",OK,http://nov.io//?gtnjs=1,nov.io -&nbspnov Resources and Information.,"nov.io is your first and best source for all of the information you’re looking for. From general topics to more of what you would expect to find here, nov.io has it all. We hope you find what you are searching for!",,,0; url=http://nov.io//?gtnjs=1,
https://llu.ch/,200,"Fri, 12 Oct 2018 11:02:56 GMT",OK,http://llu.ch//?gtnjs=1,llu.ch -&nbspThis website is for sale! -&nbspllu Resources and Information.,"This website is for sale! llu.ch is your first and best source for all of the information you’re looking for. From general topics to more of what you would expect to find here, llu.ch has it all. We hope you find what you are searching for!",,,0; url=http://llu.ch//?gtnjs=1,
https://nsfw.in/,525,,Origin SSL Handshake Error,,,,,,,
https://ptab.it/,200,"Fri, 12 Oct 2018 11:03:04 GMT",OK,http://ptab.it//?gtnjs=1,ptab.it -&nbspThis website is for sale! -&nbspptab Resources and Information.,"This website is for sale! ptab.it is your first and best source for all of the information you’re looking for. From general topics to more of what you would expect to find here, ptab.it has it all. We hope you find what you are searching for!",,,0; url=http://ptab.it//?gtnjs=1,
https://idek.net/,200,"Fri, 12 Oct 2018 11:03:23 GMT",OK,,,,,,,
https://posted.at/,200,"Fri, 12 Oct 2018 11:03:27 GMT",OK,,,,,,,
https://metamark.net/,200,"Fri, 12 Oct 2018 11:03:34 GMT",OK,,Metamark - Free Short URL redirection - Make long URLs short,,Terms of use,,,
http://net46.net/,301,,Moved Permanently,https://www.net46.net/,,,,,,
https://shw.me/,200,"Fri, 12 Oct 2018 11:05:08 GMT",OK,http://shw.me//?gtnjs=1,shw.me -&nbspThis website is for sale! -&nbspshw Resources and Information.,"This website is for sale! shw.me is your first and best source for all of the information you’re looking for. From general topics to more of what you would expect to find here, shw.me has it all. We hope you find what you are searching for!",,,0; url=http://shw.me//?gtnjs=1,
https://uby.es/,200,"Fri, 12 Oct 2018 11:05:09 GMT",OK,http://uby.es//?gtnjs=1,uby.es -&nbspThis website is for sale! -&nbspuby Resources and Information.,"This website is for sale! uby.es is your first and best source for all of the information you’re looking for. From general topics to more of what you would expect to find here, uby.es has it all. We hope you find what you are searching for!",,,0; url=http://uby.es//?gtnjs=1,
https://trck.me/,302,"Fri, 12 Oct 2018 11:05:09 GMT",Found,https://dash.trck.me/?ref=timtech,,,,,,
https://vsll.eu/,200,,OK,https://cheatingxgirls.com/ayqsenjktkgxhr?t=dors,Knulla uppland,,,,1; URL='https://cheatingxgirls.com/ayqsenjktkgxhr?t=dors',
https://wb1.eu/,200,"Fri, 12 Oct 2018 11:05:13 GMT",OK,http://wb1.eu//?gtnjs=1,wb1.eu -&nbspThis website is for sale! -&nbspwb1 Resources and Information.,"This website is for sale! wb1.eu is your first and best source for all of the information you’re looking for. From general topics to more of what you would expect to find here, wb1.eu has it all. We hope you find what you are searching for!",,,0; url=http://wb1.eu//?gtnjs=1,
https://tr.im/,200,"Fri, 12 Oct 2018 11:05:16 GMT",OK,http://tr.im//?gtnjs=1,tr.im -&nbspresponsive web design Resources and Information.,"tr.im is your first and best source for all of the information you’re looking for. From general topics to more of what you would expect to find here, tr.im has it all. We hope you find what you are searching for!",,,0; url=http://tr.im//?gtnjs=1,
https://skr.sk/,301,,Moved Permanently,http://ww62.skr.sk/,,,,,,
https://urlzen.com/,200,"Fri, 12 Oct 2018 11:05:31 GMT",OK,http://urlzen.com//?gtnjs=1,urlzen.com -&nbspThis website is for sale! -  Resources and Information.,"This website is for sale! urlzen.com is your first and best source for all of the information you’re looking for. From general topics to more of what you would expect to find here, urlzen.com has it all. We hope you find what you are searching for!",,,0; url=http://urlzen.com//?gtnjs=1,
https://xurl.jp/,200,"Fri, 12 Oct 2018 11:05:50 GMT",OK,http://xurl.jp//?gtnjs=1,xurl.jp -&nbspThis website is for sale! - __ __ ___ ____ __ __ _____ __ Resources and Information.,"This website is for sale! xurl.jp is your first and best source for all of the information you’re looking for. From general topics to more of what you would expect to find here, xurl.jp has it all. We hope you find what you are searching for!",,,0; url=http://xurl.jp//?gtnjs=1,
https://shrinkify.com/,200,"Fri, 12 Oct 2018 11:05:55 GMT",OK,http://shrinkify.com//?gtnjs=1,shrinkify.com -&nbspThis website is for sale! -&nbspmicrocontroller software Resources and Information.,"This website is for sale! shrinkify.com is your first and best source for all of the information you’re looking for. From general topics to more of what you would expect to find here, shrinkify.com has it all. We hope you find what you are searching for!",,,0; url=http://shrinkify.com//?gtnjs=1,